,Data do Informe,Tipo do Informe,Número da Uasg,Nome da Uasg,Modalidade,Número do Edital,Objeto da Contratação,Temas
0,16/03/2023,edital,254462,DIRETORIA DE ADMINISTRAçãO DO CAMPUS-FIOCRUZ,Pregão,52023,"Pregão Eletrônico -  Serviços continuados de engenharia de manutenção predial, subestações, geradores, nobreaks, limpeza de reservatório de água, desobstrução de galerias, automação, controle de acesso, bombas d água, sistema de combate a incêndio, incluindo o fornecimento de mão-de-obra, de materiais, de insumos, de ferramentas, de maquinários, de EPI´s, EPC s de serviços eventuais e por demanda e todos os demais itens necessários para o atendimento às demandas de manutenção preventiva",FGO
1,16/03/2023,edital,393023,SUP. REG. DO DNIT NO ESTADO DO TOCANTINS,Pregão,422023,"Pregão Eletrônico -  Contratação empresa para Execução dos Serviços Necessários de Manutenção Rodoviária (Conservação/Recuperação) na Rodovia BR-153/TO, Trecho: DIV PA/TO (SÃO GERALDO ARAGUAIA) - ENTR TO-239(A) (P/TUPIRANTINS); Subtrecho: DIV. PA/TO (SÃO GERALDO ARAGUAIA) - FINAL TRAVESSIA RIO ARAGUAIA (XAMBIOÁ); ENTR TO-164(B) - ENTR TO - 239(A) (P/TUPIRATINS); Segmento: km 0,0 ao km 294,70; que totalizam 294,70 km.",D
2,16/03/2023,edital,741000,ARSENAL DE MARINHA DO RIO DE JANEIRO/RJ,Pregão,42023,"Pregão Eletrônico -  Contratação de serviços de inspeção, retirada, reparo e instalação de equipamentos mecânicos, em diques, casas de bombas, portas-batéis, instalações fixas, caldeiras, navios, lanchas e submarinos, em manutenção ou em construção, conforme condições, quantidades e exigências estabelecidas no instrumento convocatório e seus anexos.",CO
3,16/03/2023,edital,179085,BANCO DO NORDESTE DO BRASIL S/A,Pregão,132023,"Pregão Eletrônico -  Contratação de serviços continuados de operação de almoxarifado virtual, sob demanda, por meio de sistema web, envolvendo o fornecimento de produtos e a disponibilização online dos itens do catálogo eletrônico para o Banco do Nordeste, em conformidade com as especificações constantes deste Edital e seus anexos.",AK
4,16/03/2023,edital,20001,SENADO FEDERAL,Pregão,292023,"Pregão Eletrônico -  Contratação de empresa especializada para a prestação de serviços de locação de veículos para atendimento à Presidência do Senado Federal, Senadores e Alta Direção da Casa, no Distrito Federal - DF, sem motorista e com fornecimento de combustível, incluindo a prestação de serviços de manutenção preventiva e corretiva dos veículos, lavagem automotiva, seguros, taxas e impostos, visando o atendimento às atividades do Senado Federal, durante 30 (trinta) meses consecutivos.",GI
5,16/03/2023,edital,373083,INCRA-SEDE/DF,Pregão,22023,"Pregão Eletrônico -  Aquisição de solução para fornecimento de links de internet com velocidade compatível com o mercado, mas que garanta conectividade de alta performance 24 horas por 7 dias da semana (24x7) para Sede, Superintendências (SR´s) e Unidades Avançadas (UA´s) com ou sem redundância.",ABG
6,16/03/2023,edital,155009,HOSPITAL UNIVERSITÁRIO DE BRASÍLIA,Pregão,92023,"Pregão Eletrônico -  Aquisição de Medicamentos Psicotrópicos e Outros para o Hospital Universitário de Brasília - HUB, Referente ao Pregão 009/2023",L
7,16/03/2023,edital,155021,HOSPITAL DAS CLÍNICAS DE MINAS GERAIS,Pregão,82023,"Pregão Eletrônico -  Aquisição, em regime de consignação, de Órteses, Próteses e Materiais Especiais para o Serviço de Cardiologia, Cirurgia Cardiovascular e Cirurgia Torácica Hospital das Clínicas da Universidade Federal de Minas Gerais (HC-UFMG) - Relançamento do PE 45/2022.",M
8,16/03/2023,edital,200406,DIRETORIA TECNICO-CIENTIFICA/DPF,Pregão,32023,"Pregão Eletrônico -  Aquisição de sistemas cromatográficos associados a espectrômetros de massas, sendo duas unidades do tipo triplo quadrupolo (QqQ ou MS/MS) e uma unidade do tipo híbrido quadrupolo-tempo de vôo (qTOF), bem como materiais de referência certificados - MRCs.",BO
9,16/03/2023,edital,50001,STJ _ SUPERIOR TRIBUNAL DE JUSTICA/DF,Pregão,272023,"Pregão Eletrônico -  Contratação de empresa especializada para prestação de Serviço Gerenciado de Segurança da Informação (SOC) envolvendo a operação, atendimento e resposta a incidentes com alocação de mão de obra com dedicação exclusiva, em regime de trabalho híbrido por jornada, na base territorial do Distrito Federal, e os serviços remotos de segurança da informação para visibilidade, monitoramento, análise, consolidação e administração de eventos de segurança, sem alocação de mão",BO
10,16/03/2023,edital,791180,BASE AEREA NAVAL DE SAO PEDRO DA ALDEIA/RJ,Pregão,72022,"Pregão Eletrônico -  Contratação de serviços comuns de engenharia de manutenção, adaptação, reparação e conservação de bens imóveis, com fornecimento de todos os insumos e mão de obra necessários à execução, sob a forma de Registro de Preços.",CFO
11,16/03/2023,edital,155020,COMPLEXO HOSPITALAR DO CEARÁ,Pregão,132023,"Pregão Eletrônico -  Aquisição de MEDICAMENTOS ANTIMICROBIANOS, a fim de abastecer o Complexo Hospitalar da Universidade Federal do Ceará (CH-UFC/Ebserh), UASG 155020, mediante licitação na modalidade PREGÃO na forma ELETRÔNICA para Sistema de Registro de Preços (SRP) cujo critério de julgamento será do tipo menor preço com validade de 12 (doze) meses, conforme condições, quantidades, exigências e estimativas estabelecidas em edital.",L
12,16/03/2023,edital,153164,UNIVERSIDADE FEDERAL DE STA.MARIA/RS,Pregão,252023,"Pregão Eletrônico -  ReGISTRO DE PREÇOS PARA AQUISIÇÃO DE  EQUIPAMENTOS DE INFORMÁTICA (COMPUTADORES DESKTOP, NOTEBOOK,  TABLET, PROJETOR MULTIMÍDIA, ETC.) DESTINADOS A DIVERSOS SETORES DA  UFSM,",AB
13,16/03/2023,edital,160027,4 BATALHAO DE ENGENHARIA DE CONSTRUCAO - MEX,Pregão,132023,Pregão Eletrônico -  Aquisição de pneus para o 4¨BEC.,D
14,16/03/2023,edital,156654,HOSPITAL DAS CLIN DA UNIV FED DE UBERLÂNDIA,Pregão,202023,"Pregão Eletrônico -  A aquisição de Medicamentos Sob Controle da Portaria N¨ 344 imprescindíveis ao cumprimento da terapêutica a ser/98 (Entorpecentes e Psicotrópicos) e Outras Classes Terapêuticas I, conforme condições, quantidades e exigências estabelecidas no Edital e seus Anexos",L
15,16/03/2023,edital,158486,INST FED.EDUC.CIENC.TEC.RJ/CAMP. REALENGO,Pregão,12023,Pregão Eletrônico -  Contratação de empresa especializada em manutenção corretiva e manutenção preventiva além de instalação e remoção de aparelho condicionador de ar.,F
16,16/03/2023,edital,120630,GRUPAMENTO DE APOIO DE MANAUS,Pregão,202023,Pregão Eletrônico -  Contratação de Serviços de Manutenção Predial dos Imóveis da Guarnição de Aeronáutica de Manaus subordinados à PAMN,F
17,16/03/2023,edital,323028,AGENCIA NACIONAL DE ENERGIA ELETRICA - DF,Pregão,92023,"Pregão Eletrônico -  Contratação de empresa de engenharia para execução dos serviços de adequação do complexo predial ANEEL/ANP às normas de segurança contra incêndio e pânico, e dos serviços de renovação de ar, conforme projetos executivos já aprovados, por um período de 24 (vinte e quatro) meses, conforme as especificações deste Edital e seus anexos.",CF
18,16/03/2023,edital,170533,ALFÂNDEGA DA RECEITA FEDERAL DO BRASIL EM SP,Pregão,22023,"Pregão Eletrônico -  Contratação de Serviços Comuns de Engenharia e para  elaboração de projeto executivo, instalação e execução de adequações de instalações existentes para o Sistema Combate a Incêndio do DMA/Ipiranga, conforme condições, quantidades e exigências estabelecidas no edital e seus anexos.",CF
19,16/03/2023,edital,158131,"INST.FED.DE EDUC.,CIENC. E TEC.DO TOCANTINS",Pregão,112023,"Pregão Eletrônico -  Aquisição de materiais e insumos de proteção individual (EPI s) e materiais de segurança do trabalho, demandados no âmbito do Campus Palmas e demais unidades do Instituto Federal do Tocantins.",G
20,16/03/2023,edital,70018,TRIBUNAL REGIONAL ELEITORAL DE SAO PAULO,Pregão,212023,"Pregão Eletrônico -  Aquisição de servidores de rede, incluindo garantia, instalação e suporte técnico.",B
21,16/03/2023,edital,443033,COORDENAçAO GERAL DE FINANçAS/DF,Pregão,12023,"Pregão Eletrônico -  Contratação de empresa especializada em prestação de forma contínua de serviços de limpeza, conservação e asseio, com fornecimento de mão de obra, materiais, equipamentos e ferramentas necessários, a serem executados nos Centros de Pesquisa (DIAC) e demais dependências do Instituto Chico Mendes de Conservação da Biodiversidade (ICMBio).",GF
22,16/03/2023,edital,120195,CENTRO DE AQUISIÇÕES ESPECIFICAS,Pregão,542023,"Pregão Eletrônico -  Contratação de serviço de implantação de sistema para gerenciamento eletrônico híbrido de armazéns, do tipo WCS, com utilização de tecnologia RFID, UHF, baseada em etiquetas passivas, código de barras ou QRCODE.",B
23,16/03/2023,edital,200005,MJ-CGS-COORDENACAO GERAL DE LOGISTICA/DF,Pregão,32023,"Pregão Eletrônico -  Contratação de empresa especializada na prestação dos serviços de confecção e instalação de novas divisórias, portas e acessórios, bem como de remanejamento (montagem e desmontagem) de divisórias, além do fornecimento de peças e acessórios e aquisição, fornecimento e instalação de isolamento acústico, com vistas a atender as necessidades nas dependências do Ministério da Justiça e Segurança Pública - MJSP.",F
24,16/03/2023,edital,155010,EMPRESA BRASILEIRA DE SERVIÇOS HOSPITALARES,Pregão,352023,"Pregão Eletrônico -  Aquisição de UTO  GRANDES,PEQUENOS E MNIGRAGMENTOS, conforme condições, quantidades e exigências estabelecidas neste Edital e seus Anexos.",Z
25,16/03/2023,edital,160515,COMANDO DA 2ª BRIGADA DE INFANTARIA DE SELVA,Pregão,62023,Pregão Eletrônico -  Aquisição de material permanente,Z
26,16/03/2023,edital,158152,INST.FED.DE EDUC.CIENC.E TEC.DE RORAIMA,Pregão,32023,"Pregão Eletrônico -  Contratação de serviço de vigilância patrimonial ARMADA, conforme condições, quantidades e exigências estabelecidas em edital e anexos.",G
27,16/03/2023,edital,90027,TRIBUNAL REGIONAL FEDERAL-SEC.1A.REG./DF,Pregão,102023,"Pregão Eletrônico -  Contratação de empresa prestadora de serviços de manutenção preventiva e corretiva nos sistemas de ar condicionado central e individual dos edifícios do Tribunal Regional Federal da 1ª Região, com fornecimento sob demanda de materiais, peças, EPI e serviços de terceiros, por meio de execução indireta com disponibilização de mão de obra, de acordo com quantidades e condições previstas no Edital e seus Anexos.",FG
28,16/03/2023,edital,160201,COMISSAO REGIONAL DE OBRAS/7,Pregão,52023,"Pregão Eletrônico -  Aquisição de geradores, transformadores e disjuntores de média tensão para o Campo de Instrução Marechal Newton Cavalcanti (CIMNC) e outras organizações militares localizadas em Recife e Jaboatão dos Guararapes.",CO
29,16/03/2023,edital,257003,INSTITUTO EVANDRO CHAGAS,Pregão,162023,"Pregão Eletrônico -  Contratação de empresa especializada para prestação de serviços de manutenção preventiva e corretiva, com conserto, instalação, montagem, conservação e reparo considerando as áreas de elétrica, refrigeração, mecânica e auxiliares de  manutenção, com fornecimento de insumos materiais e peças, com mão de obra residente (dedicação exclusiva) e assistência técnica, nas sedes do IEC, Ananindeua-PA e Belém-PA.",F
30,16/03/2023,edital,112408,HOSPITAL DAS FORCAS ARMADAS,Pregão,212023,"Pregão Eletrônico -  Aquisição de materiais para realização de cirurgias de facoemulsificação (catarata), com implante de lente intraocular, com comodato de equipamento e acessórios, para atender às necessidades da Seção de Oftalmologia do Hospital das Forças Armadas. (NUP 60550.015027/2022-16)",M
31,16/03/2023,edital,160348,5 BATALHAO DE ENGENHARIA DE CONSTRUCAO/RO,Pregão,42023,"Pregão Eletrônico -  Contratação de empresa especializada no serviço (fornecimento e implantação) de defensa semimaleável simples, ancoragem de defensa semimaleável simples, e terminal de ancoragem, fornecimento e implantação de sinalização vertical e horizontal (placas de sinalização, implantações tachas e faixas, conforme condições, quantidades, exigências e estimativas estabelecidas no Edital 04/2023 do 5º BEC.",D
32,16/03/2023,edital,155125,HOSPITAL UNIVERSITÁRIO DE SANTA MARIA,Pregão,382023,"Pregão Eletrônico -  Aquisição eventual e parcelada de equipamentos de proteção individual e outros materiais utilizados em várias unidades do HUSM, como cartucho químico para proteção das vias respiratórias, cone de polietileno para sinalização, EAR (equipamento autônomo de respiração), avental descartável, campo cirúrgico, toalha descartável, fita autoadesiva antiderrapante, fluxômetro para rede de oxigênio, incentivador respiratório, kit EPI brigadista, macacão de segurança, entre outros",MG
33,16/03/2023,edital,250052,INSTITUTO NACIONAL DO CANCER - RJ,Pregão,882023,Pregão Eletrônico -  Aquisição de Bolsas Coletoras (Processo 25410.011135/2022-13),M
34,16/03/2023,edital,80010,TRIBUNAL REGIONAL DO TRABALHO DA 2A.REGIAO,Pregão,42023,"Pregão Eletrônico -  Contratação de pessoa jurídica especializada na prestação de serviços de monitoramento eletrônico remoto, a ser exercida dentro dos limites dos estabelecimentos das Unidades deste Regional.",BG
35,16/03/2023,edital,158147,"INST.FED.DE EDUC.,CIENC.E TEC.DE ALAGOAS",Regime Dif.de Contrat.(RDC),12023,"Construção de quadras cobertas com vestiários para os Campi Marechal Deodoro , Penedo , Piranhas e Viçosa do IFAL.",C
36,16/03/2023,edital,110120,DEPARTAMENTO DE ADMINISTRACAO DA ABIN/GSI/PR,Pregão,22023,"Pregão Eletrônico -  Contratação de empresa especializada de engenharia para realizar serviços de conservação, manutenção e reparo em áreas do bloco U da Sede da Agência Brasileira de Inteligência, conforme condições, quantidades e exigências estabelecidas neste instrumento e seus anexos.",CF
37,16/03/2023,edital,510181,GERÊNCIA REGIONAL EM FLORIANÓPOLIS,Pregão,22023,"Pregão Eletrônico -  Contratação de empresa especializada para a prestação de serviços continuados de Auxiliar Administrativo, com disponibilização de mão de obra em regime de dedicação exclusiva, para atender as demandas dos setores vinculados à Coordenação de Orçamento, Finanças e Logística e as Gerências Executivas da Superintendência Regional Sul, conforme condições, quantidades e exigências estabelecidas no Edital e seus anexos.",G
38,16/03/2023,edital,70012,TRIBUNAL REGIONAL ELEITORAL DE SERGIPE,Pregão,82023,"Pregão Eletrônico -  Contratação de empresa especializada do ramo de construção civil para execução dos serviços de adaptação e manutenção do Fórum Des. Aloísio de Abreu Lima, em Aracaju/SE",C
39,16/03/2023,edital,155022,HOSPITAL DAS CLINICAS DE PERNAMBUCO,Pregão,222023,Pregão Eletrônico -  Registro de preços visando a eventual aquisição de Materiais para Cardiologia para atender demanda do Hospital das Clínicas de Pernambuco - Filial Ebserh.,L
40,16/03/2023,edital,155020,COMPLEXO HOSPITALAR DO CEARÁ,Pregão,212023,"Pregão Eletrônico -  Aquisição de MEDICAMENTOS QUIMIOTÉRAPICOS, a fim de abastecer o Complexo Hospitalar da Universidade Federal do Ceará (CH-UFC/Ebserh), UASG 155020, mediante licitação na modalidade PREGÃO na forma ELETRÔNICA para Sistema de Registro de Preços (SRP) cujo critério de julgamento será do tipo menor preço com validade de 12 (doze) meses, conforme condições, quantidades, exigências e estimativas estabelecidas neste instrumento.",L
41,16/03/2023,edital,160322,HOSPITAL CENTRAL DO EXERCITO/RJ,Pregão,162023,Pregão Eletrônico -  Aquisição de materiais para a Central de Abastecimento Farmacêutico (Req 32-21) do HCE.,M
42,16/03/2023,edital,160199,HOSPITAL MILITAR DE ÁREA DE RECIFE,Pregão,282022,"Pregão Eletrônico -  Registro de preços para aquisição de insumos laboratoriais para o setor de Imunologia, com disponibilidade de equipamento de automação através de comodato, para atender as necessidades do Hospital Militar de Área de Recife.",O
43,16/03/2023,edital,495130,COMPANHIA DE PESQUISA DE RECURSOS MINERAIS,Pregão,182023,"Pregão Eletrônico -  Registro de Preços, pelo prazo de 12 (doze) meses, para aquisições futuras de materiais de carpintaria, de consumo regular ou emergencial, para atender às necessidades do Escritório do Rio de Janeiro da CPRM.",O
44,16/03/2023,edital,110794,UNIDADE GESTORA EXECUTORA OPERAÇÃO ACOLHIDA,Pregão,42023,Pregão Eletrônico -  Aquisição de gêneros Alimentícios,N
45,16/03/2023,edital,135626,CONAB SUPERINTENDENCIA REGIONAL NO DF E ENTOR,Pregão,12023,"Pregão Eletrônico -  Contratação de serviços de limpeza e conservação, com fornecimento de materiais, utensílios e equipamentos, conforme especificações, condições, quantidades e exigências estabelecidas no termos de referência e seus anexos, com vigência de 60 meses.",G
46,16/03/2023,edital,160237,CENTRO DE AVALIAÇÃO DO EXÉRCITO,Tomada de Preços,52022,"Contratação de empresa especializada para a execução do serviço não comum de engenharia para modernização do posto de abastecimento de combustível do Centro de Avaliações do Exército, conforme condições, quantidades e exigências estabelecidas neste Edital e seus anexos.",C
47,16/03/2023,edital,462939,FUNDAÇÃO DE APOIO AO DES DA CIEN E TECNOLIA,Pregão,42023,"Pregão Eletrônico -  Registro de Preços para futura e eventual aquisição de itens de robótica, aparelhos de medição e orientação e aparelhos e utensílios domésticos, a fim de dar subsídios quanto à estrutura e desenvolvimento das atividades a serem solicitados pelas entidades/institutos apoiados pela Fundação de Apoio ao Desenvolvimento da Ciência e Tecnologia (Facto).Os produtos serão entregues conforme  Apêndice A   Locais de entrega e quantitativos .",O
48,16/03/2023,edital,910847,ELETROBRAS TERMONUCLEAR S/A,Pregão,3082022,Pregão Eletrônico -  Fornecimento de macacão branco,K
49,16/03/2023,edital,154051,UNIVERSIDADE FEDERAL DE VICOSA,Pregão,182023,Pregão Eletrônico -  SRP - Contratação de serviços e equipamentos para realização de eventos.,OF
50,16/03/2023,edital,153046,UNIVERSIDADE FEDERAL DO ESPIRITO SANTO/ES,Pregão,532023,Pregão Eletrônico -  Contratação de serviços de gestão do fornecimento de combustíveis e manutenção preventiva e corretiva para a frota de veículos oficiais da UFES.,HO
51,16/03/2023,edital,90029,TRIBUNAL REGIONAL FEDERAL DA 3A.REGIAO,Pregão,52023,"Pregão Eletrônico -  Prestação de serviços de administração, gerenciamento e controle da manutenção preventiva e corretiva da frota de veículos do Tribunal Regional Federal da 3ª Região, mediante o fornecimento de combustíveis em rede de postos credenciados, de forma continuada, com implantação e operação de sistema informatizado e integrado com utilização de tecnologia de cartão magnético ou eletrônico, em rede de serviço credenciada, incluindo manutenção e fornecimento de peças automotivas",HO
52,16/03/2023,edital,155910,HOSPITAL UNIV. MONS. JOÃO B. DE CARVALHO D.,Pregão,122023,"Pregão Eletrônico -  Registro de Preço, pelo prazo de 12 meses, visando a eventual e futura aquisição de Aquisição de Material Médico-Hospitalares e Material de Expediente (fracassados) para atender às necessidades do Hospital Universitário de Lagarto (Hospital Universit. Mons. João Bat. de Carvalho Daltro) - HUL/UFS/EBSERH, conforme condições, quantidades, exigências e estimativas expressas neste termo de referência, inclusive as encaminhadas pelos órgãos e entidades participantes (quando for o caso)",M
53,16/03/2023,edital,155907,HOSPITAL UNIVERSITARIO PROF. EDGARD SANTOS,Pregão,62023,"Pregão Eletrônico -  Aquisição eventual de DIETAS ESPECIALIZADAS - ENTERAIS e SUPLEMENTOS ORAIS LÍQUIDOS, de forma parcelada, visando atender às necessidades do Hospital Universitário Professor Edgard Santos (HUPES), mediante processo de licitação na modalidade Pregão Eletrônico, pelo Sistema de Registro de Preço (SRP), por um período de 12 (doze) meses.",L
54,16/03/2023,edital,275057,SUPERINTENDENCIA DE TRENS URBANOS DE RECIFE,Pregão,912022,"Pregão Eletrônico -  Aquisição de COXINS EM ELASTÔMERO PARA TUE CISM, conforme as especificações, estabelecidas no instrumento convocatório e seus anexos.",O
55,16/03/2023,edital,113206,INDUSTRIAS NUCLEARES DO BRASIL S/A,Pregão,10352023,"Pregão Eletrônico -  Prestação de serviço para elaboração de estudo de ruptura hipotética - DAM BREAK - da Barragem de Rejeitos (BAR) e da Barragem de Águas Claras (BAC), ambas localizadas na Unidade em Descomissionamento de Caldas (UDC) da Indústrias Nucleares do Brasil   INB, em Caldas-MG, conforme condições e características estabelecidas no Termo de Referência",CO
56,16/03/2023,edital,154034,MEC-UNIRIO-FUND.UNIVERS.DO RIO DE JANEIRO/RJ,Tomada de Preços,12023,"Contratação de empresa especializada para a execução de serviços de adequação das instalações elétricas da edificação utilizada pela Diretoria Financeira, Manutenção Predial e Administração de Edifício da Universidade Federal do Estado do Rio de Janeiro (UNIRIO), conforme condições, quantidades e exigências estabelecidas no edital e seus anexos.",F
57,16/03/2023,edital,158143,"INST.FED.DE EDUC.,CIENC.E TEC.DE BRASILIA",Pregão,22023,"Pregão Eletrônico -  Contratação de empresa especializada na prestação de serviços de controle de vetores e pragas urbanas compreendendo: dedetização, desratização, desinsetização, descupinização, remoção ecológica de colmeias (abelhas, vespas, marimbondos, etc) e limpeza e desinfecção de caixas d água e cisternas, para as dependências internas e externas da Reitoria e Campus do Instituto Federal de Brasília.",G
58,16/03/2023,edital,155914,EBSERH - FILIAL HOSP UNIV ALCIDES CARNEIRO,Pregão,62023,Pregão Eletrônico -  Aquisição de Material de Consumo - Materiais Laboratoriais e Insumos Químicos.,O
59,16/03/2023,edital,160175,ADMINISTRATIVA DA GUARNICÃO DE JOÃO PESSOA,Pregão,92023,Pregão Eletrônico -  Aquisição de Material de Copa e Cozinha.,G
60,16/03/2023,edital,80010,TRIBUNAL REGIONAL DO TRABALHO DA 2A.REGIAO,Pregão,92023,"Pregão Eletrônico -  Contratação de pessoa jurídica especializada para a prestação de serviços de elaboração de projeto executivo, fornecimento e instalação de sinalização de emergência",CF
61,16/03/2023,edital,257047,DISTRITO SANIT.ESP.INDÍGENA - PERNAMBUCO,Pregão,112023,"Pregão Eletrônico -  Contratação de empresa para prestação de serviços continuados de locação de veículos, inclusos combustível, manutenção e motorista, para atender às necessidades do DSEI/PE em atendimento as áreas da etnia PANKARÁ, município de Carnaubeira da Penha, no transporte de pacientes indígenas, seus acompanhantes e profissionais de saúde.",HG
62,16/03/2023,edital,160450,14 REGIMENTO DE CAVALARIA MECANIZADA,Pregão,192022,Pregão Eletrônico -  Aquisição de materiais de consumo em geral.,K
63,16/03/2023,edital,413008,ESCRITORIO REGIONAL 7,Pregão,12023,"Pregão Eletrônico -  Contratação de empresa especializada na prestação de serviços de transporte com o fornecimento de veículo e motorista, para transporte de pessoas em serviço, materiais, documentos e pequenas cargas, em atendimento às necessidades da Unidade Operacional da Anatel no Estado de Mato Grosso (UO07.1), pelo período de 20 (vinte) meses, podendo ser prorrogado até o limite de 60 (sessenta) meses, conforme condições, quantidades e exigências estabelecidas no Edital e seus Anexos.",H
64,16/03/2023,edital,158133,"INST.FED.DE EDUC., CIENC. E TEC.DO CEARÁ",Tomada de Preços,12023,Contratação de obra para construção de Bloco de 04 (quatro) salas na Reitoria,C
65,16/03/2023,edital,168005,INDUSTRIA DE MATERIAL BELICO DO BRASIL/FI,Pregão,122023,Pregão Eletrônico -  Empilhadeira a combustão.,O
66,16/03/2023,edital,257054,DISTRITO SANIT.ESP.INDÍGENA - TOCANTINS,Pregão,12023,"Pregão Eletrônico -  Contratação de serviços continuados de limpeza e conservação predial, copeiragem, Auxiliar Serviços Gerais (carregador de volumes) e recepcionista, com fornecimento de saneantes domissanitários, bem como, de todos os materiais, insumos e equipamentos necessários à perfeita prestabilidade, conforme condições, quantidades e exigências estabelecidas no Edital e seus anexos.",G
67,16/03/2023,edital,80001,TRIBUNAL SUPERIOR DO TRABALHO,Pregão,232023,"Pregão Eletrônico -  Registro de preços para aquisição de café torrado e moído, tipo superior, e de açúcar cristal",NK
68,16/03/2023,edital,110120,DEPARTAMENTO DE ADMINISTRACAO DA ABIN/GSI/PR,Pregão,72023,"Pregão Eletrônico -  Aquisição com instalação de forro de fibra mineral, divisórias de saque frontal, portas, persianas verticais com blackout, luminárias do tipo painel LED e piso vinílico.",CF
69,16/03/2023,edital,160247,32º BATALHÃO DE INFANTARIA LEVE,Pregão,12023,Pregão Eletrônico -  Aquisição de material de consumo odontológico (32ºBIL Mth).,L
70,16/03/2023,edital,160409,3 GRUPO DE ARTILHARIA DE CAMPANHA/AP/RS,Pregão,12023,Pregão Eletrônico -  Aquisição de material de consumo e permanente em geral para o 3¨ Grupo de Artilharia de Campanha Autopropulsado.,Z
71,16/03/2023,edital,160495,HOSPITAL MILITAR DE ÁREA DE SÃO PAULO,Pregão,82023,"Pregão Eletrônico -  O objeto da presente licitação é a escolha da proposta mais vantajosa para a contratação de solução de tecnologia da informação e comunicação de serviço de fornecimento de solução do tipo RIS-PACS (RIS-Sistema Radiológico de Informações e PACS-Picture Archiving and Communication System   Sistema de Comunicação e Arquivamento de Imagens) e banco de dados para a unidade hospitalar em prol do Hospital Militar de Área de São Paulo, conforme Edital e anexos.",B
72,16/03/2023,edital,413006,ANATEL - ESCRITORIO REGIONAL 5 - RS,Pregão,22023,"Pregão Eletrônico -  Contratação de empresa especializada na prestação de serviços continuados de limpeza e conservação predial nas instalações da Sede da Gerência Regional da Anatel no Estado do Rio Grande do Sul, em Porto Alegre - GR05/RS, pelo período de 30 (trinta) meses, podendo ser prorrogado até o limite de 60 (sessenta) meses, conforme condições, quantidades e exigências estabelecidas no Edital e seus Anexos",G
73,16/03/2023,edital,110120,DEPARTAMENTO DE ADMINISTRACAO DA ABIN/GSI/PR,Pregão,92023,"Pregão Eletrônico -  Contratação de empresa especializada para a prestação de serviços de transporte internacional de mobiliário e bagagem, sempre com seguro específico, porta a porta, de origem e destino, para atendimento de demanda da Agência Brasileira de Inteligência, conforme condições, quantidades e exigências estabelecidas no Termo de Referência.",H
74,16/03/2023,edital,200100,SECRETARIA DE ADMINISTRACAO MIN. PUBLICO FED.,Pregão,92023,"Pregão Eletrônico -  Serviços gráficos sob demanda com vistas à confecção de materiais diversos, tais como: livros, livretos, manuais, cartilhas, cartazes, fôlderes, banners, cartões de apresentação, adesivos e demais serviços especificados no Termo de Referência, de vários formatos e gramaturas, incluindo prova de impressão, acabamento, manuseio, embalagem, empacotamento, etiquetagem e transporte",Z
75,16/03/2023,edital,120631,BASE AéREA DE NATAL,Pregão,102023,Pregão Eletrônico -  Aquisic a o de material de consumo hidra ulico. PAG: 67222.000397/2022-10,Z
76,16/03/2023,edital,80011,TRIBUNAL REGIONAL DO TRABALHO DA 15A.REGIAO,Pregão,272023,"Pregão Eletrônico -  Aquisição de equipamentos odontológicos para renovação dos consultórios de atendimento a magistrados, servidores e seus dependentes deste Tribunal, conforme condições e especificações contidas no Termo de Referência - Anexo I e na Minuta de Contrato   Anexo III, partes integrantes deste edital. Para os itens 3 a 5, a participação é exclusiva a microempresas e empresas de pequeno porte",Z
77,16/03/2023,edital,50001,STJ _ SUPERIOR TRIBUNAL DE JUSTICA/DF,Pregão,132023,"Pregão Eletrônico -  Contratação de solução para prover de forma automatizada gestão de riscos, continuidade de negócios e compliance, na modalidade software como serviço (SaaS), incluindo configuração, parametrização, transferência de conhecimento, manutenção e suporte técnico",BO
78,16/03/2023,edital,927413,CONSELHO REGIONAL DE CONTABILIDADE DO RS,Pregão,52023,"Pregão Eletrônico -  Contratação de empresa especializada na prestação de serviços de Assistência Médica Hospitalar, por meio de operadora, seguradora ou administradora de planos de saúde, com rede própria e/ou credenciada, com abrangência mínima estadual, padrão quarto semiprivativo, na modalidade de contratação coletivo empresarial, nos termos da Lei nº 9.656/1998 e devidamente autorizada pela ANS, sem carência, com coparticipação, conforme disposições estabelecidas no Edital e seus anexos.",M
79,16/03/2023,edital,153103,UNIVERSIDADE FEDERAL DO RIO GRANDE DO NORTE,Pregão,302022,"Pregão Eletrônico -  Pregão Eletrônico SISRP Nº.: 30/2022 - Aquisição de eletrodomésticos e bebedouros para atender demandas da UFRN, pelo período de 12 (doze) meses.",K
80,16/03/2023,edital,158478,INST FED.DE PERNAMBUCO/CAMPUS BELO JARDIM,Pregão,22023,"Pregão Eletrônico -  Contratação de empresa especializada para prestação de serviços contínuos de controle de vetores e pragas urbanas (desinsetização, desratização, descupinização), e limpeza e desinfecção de reservatórios e caixas d´água nas dependências do IFPE - Campus Afogados da Ingazeira, com fornecimento de material e mão de obra qualificada.",G
81,16/03/2023,edital,135029,EMBRAPA SOJA/LONDRINA PR,Pregão,52023,Pregão Eletrônico -  Aquisição de Embalagens pelo Sistema de Registro de Preços.,K
82,16/03/2023,edital,160167,53 BATALHAO DE INFANTARIA DE SELVA,Pregão,152022,Pregão Eletrônico -  Aquisição de materiais de expediente.,K
83,16/03/2023,edital,151889,IF BAIANO - CAMPUS BOM JESUS DA LAPA,Pregão,42023,Pregão Eletrônico -  Aquisição de mobiliário (cadeira escolar/universitária) para o Instituto Federal Baiano   Campus Bom Jesus da Lapa.,C
84,16/03/2023,edital,153164,UNIVERSIDADE FEDERAL DE STA.MARIA/RS,Pregão,192023,"Pregão Eletrônico -  REGISTRO DE PREÇOS PARA  LOCAÇÃO DE ESTRUTURAS DESMONTÁVEIS (pirâmides em lona e palco),  INCLUÍDOS MONTAGEM E DESMONTAGEM, DESTINADOS AOS DIVERSOS  SETORES DA UFSM EM SANTA MARIA",G
85,16/03/2023,edital,393014,SUPERINT. REG. DO DNIT NO EST. DE RONDONIA,Pregão,802023,"Pregão Eletrônico -  Contratação de Empresa Especializada na Prestação de Serviços de Limpeza e Conservação e Copeiragem, com Dedicação Exclusiva de Mão de Obra, Incluindo os Materiais, Ferramentas e Equipamentos Necessários, para Atendimento das Necessidades da Sede da Superintendência Regional do DNIT no Estado de Rondônia.",G
86,16/03/2023,edital,155009,HOSPITAL UNIVERSITÁRIO DE BRASÍLIA,Pregão,102023,"Pregão Eletrônico -  Aquisição de Materiais e Instrumentais para Realização de Cirurgias Cardíacas do Hospital Universitário de Brasília - HUB, Referente ao Pregão 010/2023",L
87,16/03/2023,edital,153152,HOSPITAL UNIVERSITARIO DA UFRJ,Pregão,182023,Pregão Eletrônico -  Contratação de empresa especializada na prestação de serviço no suporte e manutenção para o Sistema de Gerenciamento de Banco de Dados Caché versão 5.0.21 da InterSystems Brasil,B
88,16/03/2023,edital,250052,INSTITUTO NACIONAL DO CANCER - RJ,Pregão,1072023,Pregão Eletrônico -  Aquisição de Andador e Outros. ( PROCESSO: 25410.005472/2022-71 ),M
89,16/03/2023,edital,90027,TRIBUNAL REGIONAL FEDERAL-SEC.1A.REG./DF,Pregão,92023,"Pregão Eletrônico -  Contratação de empresa especializada para o fornecimento de material bibliográfico impresso nacional para o Tribunal Regional Federal da 1ª Região, de forma parcelada, sob demanda, durante os exercícios de 2023 e 2024, de acordo com condições, especificações técnicas e quantidades constantes dos Anexos do Edital",K
90,16/03/2023,edital,495130,COMPANHIA DE PESQUISA DE RECURSOS MINERAIS,Pregão,172023,"Pregão Eletrônico -  Contratação do serviço de suporte oficial do software COMMVAULT Backup & Recovery For Virtual Machines pelo período de 36 (trinta e seis) meses,  para atendimento aos interesses da CPRM, conforme especificações constantes do Termo de Referência   Anexo I, deste Edital.",B
91,16/03/2023,edital,179083,CASA DA MOEDA DO BRASIL/MF,Pregão,242023,"Pregão Eletrônico -  Esponjas Abrasivas e esponjas prensadas.  1.3 Havendo divergência entre as informações constantes do registro da licitação no Portal de Compras Governamentais e as constantes deste Edital e de seus Anexos, prevalecerão as últimas.",K
92,16/03/2023,edital,120637,BASE AÉREA DE BOAVISTA,Pregão,452022,Pregão Eletrônico -  Pregão Eletrônico Tradicional 45/2022- SERVIÇOS DE GESTÃO DE FROTAS,IG
93,16/03/2023,edital,154034,MEC-UNIRIO-FUND.UNIVERS.DO RIO DE JANEIRO/RJ,Pregão,102023,Pregão Eletrônico -  Aquisição de equipamentos para captação de audiovisual e acessórios necessários ao seu uso e acondicionamento.,B
94,16/03/2023,edital,120632,GRUPAMENTO DE APOIO DE RECIFE,Tomada de Preços,42023,"Contratação de empresa para execução da reparação estrutural da torre de controle do DTCEA-SV, NA CIDADE DE SALVADOR-BA, incluindo os serviços de fornecimento, transporte e montagem completa de vidros, substituição de vidros trincados, aplicação de selante e substituição das peças metálicas de apoio dos vidros.",C
95,16/03/2023,edital,160380,COMANDO 8 BRIGADA DE INFANTARIA MOTORIZADA/RS,Pregão,82022,"Pregão Eletrônico -  Aquisição de Gás Liquefeito de Petróleo (GLP) a granel, com cessão de tanques P190 em regime de comodato, para Organizações Militares integrantes do GCALC",H
96,16/03/2023,edital,113206,INDUSTRIAS NUCLEARES DO BRASIL S/A,Pregão,10342023,"Pregão Eletrônico -  Fornecimento de três conjuntos de motobomba, posto CIF, nas Indústrias Nucleares do Brasil S/A - INB, localizada no município de Caetité/BA, em conformidade com o Termo de Referência.  O Edital e suplementos referentes a esta licitação estarão disponíveis no site da INB (www.inb.gov.br/licitacoes)",O
97,16/03/2023,edital,70008,TRIBUNAL REGIONAL ELEITORAL DO RIO G.DO NORTE,Pregão,142023,"Pregão Eletrônico -  Registro de preços para aquisição de materiais de tecnologia, informação e comunicação.",B
98,16/03/2023,edital,153177,UTFPR - CAMPUS SUDOESTE PATO BRANCO,Pregão,32023,Pregão Eletrônico -  Contratação de empresa especializada na prestação de serviços com dedicação exclusiva de mão de obra de apoio e acompanhamento de pessoa com deficiências (PCD),G
99,16/03/2023,edital,765741,LABORATORIO FARMACEUTICO DA MARINHA/RJ,Pregão,82023,"Pregão Eletrônico -  Aquisição de materiais sobressalentes e componentes necessários à manutenção e reparo dos equipamentos, linhas de produção, máquinas e sistemas do Parque Fabril do Laboratório Farmacêutico da Marinha",O
100,16/03/2023,edital,183039,SUPERINTENDENCIA DO INMETRO NO ESTADO DO RS,Pregão,192022,"Pregão Eletrônico -  Formação de REGISTRO DE PREÇOS com vistas à futura e eventual aquisição de aparelhos condicionadores de ar e cadeiras giratórias para atender as necessidades da Superintendência do Inmetro no Estado do Rio Grande do Sul, conforme condições, quantidades e exigências estabelecidas no Termo de Referência.",AK
101,16/03/2023,edital,120628,GRUPAMENTO DE APOIO DE BELÉM,Pregão,222023,"Pregão Eletrônico -  O presente termo tem por objeto o Registro de Preços para eventual aquisição de gás liquefeito de Petróleo (GLP), a fim de atender as necessidades da Comissão de Aeroportos da Região Amazônica   COMARA, conforme condições, quantidades, exigências e estimativas, estabelecidas neste instrumento, com entrega em Mamaus-AM, São Gabriel da Cachoe",N
102,16/03/2023,edital,120630,GRUPAMENTO DE APOIO DE MANAUS,Pregão,212023,Pregão Eletrônico -  Aquisição de Insumos de Informática em proveito do Grupamento de Apoio de Manaus e Unidades Apoiadas,A
103,16/03/2023,edital,120072,SEGUNDO CENTRO INT.DEF.AEREA CONTR.TFG.AEREO,Pregão,282023,"Pregão Eletrônico -  Aquisição de Tintas, para o CINDACTA II e destacamentos subordinados",C
104,16/03/2023,edital,254445,INSTITUTO DE TECNOLOGIA EM IMUNOBIOLOGICOS,Pregão,612023,Pregão Eletrônico -  Aquisição de Resina da marca PUROLITE,O
105,16/03/2023,edital,158146,"INST.FED.DE EDUC.,CIENC. E TECNOLOGIA PIAUí",Pregão,932023,Pregão Eletrônico -  Aquisição de Equipamentos (material permanente) a fim de atender às necessidades dos Laboratórios de Análises de  Alimentos e Química de Saneamento do IFPI - Campus Teresina Zona Sul  e demais órgãos participantes.,OB
106,16/03/2023,edital,200334,COORDENACAO DE ADMINISTRACAO-COAD,Pregão,52023,Pregão Eletrônico -  Aquisição de Material de Consumo relativo a manutenção da saúde e treinamento dos cães de trabalho da PF.,L
107,16/03/2023,edital,910847,ELETROBRAS TERMONUCLEAR S/A,Pregão,3092022,Pregão Eletrônico -  Fornecimento de ANALISADOR AUTOMÁTICO,B
108,16/03/2023,edital,130102,LABORATÓRIO FED. DE DEFESA AGROPECUÁRIA/SP,Pregão,262022,Pregão Eletrônico -  Contratação de prestação de serviço contínuo com dedicação de mão-de-obra exclusiva de motoristas (categoria  D  ou acima).,H
109,16/03/2023,edital,155125,HOSPITAL UNIVERSITÁRIO DE SANTA MARIA,Pregão,562023,"Pregão Eletrônico -  PrESTAÇÃO DE SERVIÇOS TÉCNICOS DE MANUTENÇÃO PREVENTIVA E CORRETIVA, INCLUINDO O FORNECIMENTO DE PEÇAS DE REPOSIÇÃO E MÃO DE OBRA ESPECIALIZADA PARA OS SERVIDORES, UNIDADE DE BACKUP EM FITA, SWITCHES E STORAGES DO HOSPITAL UNIVERSITÁRIO DE SANTA MARIA (HUSM-UFSM)",M
110,16/03/2023,edital,120064,ESCOLA DE ESPECIALISTAS DE AERONAUTICA,Pregão,262023,Pregão Eletrônico -  Registro de Preços para eventual Aquisição de Peças e Insumos de Refrigeração.,O
111,16/03/2023,edital,160445,HOSPITAL DA GUARNICAO DE FLORIANOPOLIS,Pregão,42023,"Pregão Eletrônico -  Aquisição dos CPAP s e outros itens assemelhados, sob gestão da Farmácia Hospitalar, com a finalidade de atender as solicitações dos beneficiários à Seção SAMMED/FuSEx do Hospital de Guarnição de Florianópolis (HGuFl).",M
112,16/03/2023,edital,927126,CONSELHO DE ARQUITETURA E URBANISMO DE GOIAS,Pregão,12023,"Pregão Eletrônico -  Contratação de empresa especializada na gestão e realização de eventos institucionais e similares, incluindo o planejamento, a coordenação, a execução e seu acompanhamento, a locação de espaço físico, prestação de serviços de segurança, cerimonial, decoração, comunicação visual e locação de equipamentos e fornecimento de produtos  alimentícios e bebidas para atuar na consecução de ações institucionais do Conselho de Arquitetura e  Urbanismo de Goiás   CAU/GO.",GO
113,16/03/2023,edital,154069,FUNDAÇÃO UNIV. FEDERAL DE SÃO JOÃO DEL-REI,Pregão,212023,Pregão Eletrônico -  Aquisição de gases especiais.,O
114,16/03/2023,edital,290002,DEFENSORIA PUBLICA DA UNIAO,Pregão,232023,"Pregão Eletrônico -  Contratação de empresa especializada na prestação de serviços, por demanda, de instalação, desinstalação, manutenção preventiva e corretiva, com fornecimento de peças, em aparelhos de ar-condicionado, para a Unidade de Natal/RN, com vigência de 12 (doze) meses, com limite de até 60 (sessenta) meses, conforme condições, quantidades e exigências estabelecidas neste instrumento.",FO
115,16/03/2023,edital,130100,SUPERINT.FEDERAL DE AGRIC.PECUARIA E ABASTEC.,Pregão,12023,Pregão Eletrônico -  Contratação de empresa especializada na prestação de  serviços de agenciamento de viagens para voos regulares nacionais.,H
116,16/03/2023,edital,344041,MINC-FCP-FUNDACAO CULTURAL PALMARES/DF,Pregão,12023,"Pregão Eletrônico -  Fornecimento e instalação de equipamento de videoconferência, webcâmeras, headsets, tv 55´ e suporte para TV de 55´ tipo pedestal para atender as necessidades da Sede e as Representações Regionais da FCP",BF
117,16/03/2023,edital,160440,23 BATALHAO DE INFANTARIA - SC,Pregão,92023,"Pregão Eletrônico -  Aquisição eventual de peças de viatura, suprimentos e insumos para a manutenção de 1º escalão das viaturas e motores de popa sob responsabilidade do Pelotão de Manutenção e Transporte do 23º Batalhão de Infantaria",H
118,16/03/2023,edital,200206,PROCURADORIA REG.DO TRABALHO DA 24A./MS,Pregão,32023,"Pregão Eletrônico -  Contratação de empresa especializada para execução de serviços/obras civis (construção/reforma), com fornecimento de materiais, na sede da Procuradoria Regional do Trabalho da 24ª Região, conforme especificações detalhadas no projeto básico.",C
119,16/03/2023,edital,153010,MEC-CEFET-CENT.FED.ED.TEC.CELSO S.FONSECA/RJ,Pregão,32023,"Pregão Eletrônico -  Contratação de pessoa jurídica para a prestação de serviço continuado de recepção do CEFET-RJ - Campus Itaguaí, com dedicação de mão-de-obra exclusiva, e com o fornecimento de insumos necessários à eficácia do serviço, conforme condições, quantidades e exigências estabelecidas neste Edital e seus anexos.",G
120,16/03/2023,edital,926834,CONSELHO REGIONAL DE ENFERMAGEM DE GOIÁS,Pregão,62023,"Pregão Eletrônico -  Contratação de empresa especializada em fornecimento de licenças de acesso para uso de solução integrada de colaboração e comunicação corporativa, em ambiente de nuvem, na modalidade de software como serviço, incluindo suporte técnico remoto, migração de dados e treinamento para administração da solução (e-mail corporativo).",BA
121,16/03/2023,edital,160157,9 BATALHAO DE ENGENHARIA DE CONSTRUCAO-MEX/MT,Pregão,122023,Pregão Eletrônico -  Contratação de serviços para mudança de categoria nacional de habilitação - CNH.,Z
122,16/03/2023,edital,250052,INSTITUTO NACIONAL DO CANCER - RJ,Pregão,1082023,Pregão Eletrônico -  Aquisição de Reagentes CEMO e COPQ (Processo 25410.015728/2022-59).,O
123,16/03/2023,edital,254447,MS-INSTITUTO FERNANDES FIGUEIRA/FIOCRUZ/RJ,Pregão,232023,Pregão Eletrônico -  Aquisição de EMBALAGENS.,K
124,16/03/2023,edital,389090,CONSELHO REG. DE ENGENHARIA E AGRONOMIA DO RJ,Pregão,72023,"Pregão Eletrônico -  Aquisição de aparelhos de ar-condicionado, conforme condições e exigências estabelecidas no Termo de Referência nº 001/2023-SOMA.",CF
125,16/03/2023,edital,120638,BASE AÉREA DE CAMPOGRANDE,Pregão,22022,Pregão Eletrônico -  Adequação da Infraestrutura Elétrica da Proteção dos fornos do Rancho da BACG.,EO
126,16/03/2023,edital,160004,59  BATALHAO DE INFANTARIA MOTORIZADO/AL,Pregão,302023,Pregão Eletrônico -  Aquisição de material químico para atender as necessidades do 59¨ Batalhão de Infantaria Motorizado.,O
127,16/03/2023,edital,910847,ELETROBRAS TERMONUCLEAR S/A,Pregão,242023,Pregão Eletrônico -  Fornecimento de ferramentas elétricas,AB
128,16/03/2023,edital,927320,CONSELHO REGIONAL CORRETORES DE IMÓVEIS RJ,Pregão,22023,Pregão Eletrônico -  Material de higiene e limpeza para atender as necessidades do Conselho Regional dos Corretores de Imóveis do Rio de Janeiro. O certame será composto por 24(vinte e quatro) itens e será dividido em 2(dois) grupos de 12(doze).,G
129,16/03/2023,edital,120060,ACADEMIA DA FORCA AEREA,Pregão,10472022,Pregão Eletrônico -  Material odontológico de ortodontia.(1047/2022),M
130,16/03/2023,edital,135457,CONAB - SEDE SUREG - RN,Pregão,32023,"Pregão Eletrônico -  Contratação de serviços de limpeza e conservação, com fornecimento de materiais, utensílios e equipamentos, conforme especificações, condições, quantidades e exigências estabelecidas no Edital e seus anexos.",G
131,16/03/2023,edital,254445,INSTITUTO DE TECNOLOGIA EM IMUNOBIOLOGICOS,Pregão,332023,"Pregão Eletrônico -  Aquisição de ferramentas das marcas Gedore, Vonder, Belzer e Makita.",AB
132,16/03/2023,edital,254445,INSTITUTO DE TECNOLOGIA EM IMUNOBIOLOGICOS,Pregão,692023,Pregão Eletrônico -  Aquisição de itens da marca Schneider e Novus.,AB
133,16/03/2023,edital,200356,SUPERINTENDENCIA REG.DEP.POLICIA FEDERAL - RJ,Pregão,42023,"Pregão Eletrônico -  Contratação de empresa para prestação de serviço técnico especializado, não continuado, sem dedicação exclusiva de mão de obra, de coleta e análise química de 15 amostras de efluentes.",O
134,16/03/2023,edital,160400,POLICLINICA MILITAR DE PORTO ALEGRE/RS,Pregão,142022,"Pregão Eletrônico -  Contratação de empresa especializada para prestação do serviço de manutenção preventiva periódica com fornecimento das peças listadas incluso, conforme necessidade e previsão no manual do equipamento, manutenção corretiva no caso de equipamento inoperante sem limite de chamados, e demais ajustes necessários para o funcionamento da Autoclave de marca BAUMER, instalada no Centro de Material Esterilizado do Centro Cirúrgico Ambulatorial da Policlínica Militar de Porto Alegre",O
135,16/03/2023,edital,200080,PROCURADORIA DA REPUBLICA - PI,Pregão,52023,"Pregão Eletrônico -  Aquisição de bens permanentes (condicionadores de ar e refletores LED) para entrega na Procuradoria da República no Piauí, sita na Av. João XXIII, nº 1390, Bairro dos Noivos, CEP 64045-000, Teresina(PI), conforme condições, quantidades e exigências estabelecidas no Edital e seus anexos.",O
136,16/03/2023,edital,120629,GRUPAMENTO DE APOIO DE CANOAS,Pregão,242023,"Pregão Eletrônico -  Aquisic a o de materiais qui mico laboratoriais de Microbiologia para o Hospital de Aerona utica de Canoas (HACO), conforme condic o es, quantidades, exige ncias e estimativas, estabelecidas neste instrumento:",M
137,16/03/2023,edital,413012,ESCRITORIO REGIONAL 11 - AM,Pregão,32023,"Pregão Eletrônico -  Contratação de empresa especializada para prestar serviços de medicina e saúde ocupacional para os servidores lotados na Gerência Regional da Anatel no Estado do Amazonas (GR11/AM) e nas Unidades Operacionais da Anatel nos Estados de Rondônia (UO111/RO), Acre (UO112/AC) e Roraima (UO113/RR), pelo período de 20 (vinte) meses, podendo ser prorrogado até o limite de 60 (sessenta) meses, conforme condições, quantidades e exigências estabelecidas neste Edital e seus anexos.",L
138,16/03/2023,edital,765720,HOSPITAL NAVAL MARCILIO DIAS - MM,Pregão,172023,Pregão Eletrônico -  Contratação de serviços de controle microbiológico da Divisão de Alimentação e Nutrição (Rancho) do Hospital Naval Marcílio Dias (HNMD).,L
139,16/03/2023,edital,925428,FUNDACAO EMPREEND. CIENTIFICOS E TéCNOLÓGICOS,Pregão,192023,"Pregão Eletrônico -  Contratação de empresa especializada em serviços de instalação de torre metálica estaiada para suportar antenas de rádio comunicação. Os serviços serão realizados no PESM   Nucelo Santa Virgina, Unidade de Conservação do Componente 3 do Projeto Conexão Mata Atlântica.",O
140,16/03/2023,edital,160441,28 GRUPO DE ARTILHARIA DE CAMPANHA-MEX/SC,Pregão,222022,"Pregão Eletrônico -  Eventual aquisição de MATERIAL PERMANENTE HOSPITALAR, ODONTOLÓGICO E DOMÉSTICO.",L
141,16/03/2023,edital,158154,"INST.FED.DE EDUC.,CIENC.E TEC.DE SÃO PAULO",Pregão,23302023,"Pregão Eletrônico -  Contratação de empresa especializada na prestação de serviço continuado, sem dedicação exclusiva de mão-de-obra, de manutenção preventiva e corretiva de equipamentos de refrigeração e climatização para o IFSP - Câmpus São Carlos, com o fornecimento de todos os materiais, peças e acessórios que forem necessários para a execução dos serviços conforme condições, quantidades e exigências estabelecidas no edital e seus anexos.",FO
142,16/03/2023,edital,90004,JUSTICA FEDERAL DE 1A. INSTANCIA - MA,Pregão,52023,"Pregão Eletrônico -  Contratação de empresa especializada para prestação de serviços de seguro veicular dos bens móveis da Seção Judiciária da Justiça Federal no Maranhão, compreendendo os veículos oficiais da Seção Judiciária do Maranhão - Sede e das Subseções Judiciárias de Bacabal, Balsas, Caxias e Imperatriz -MA, conforme condições, quantidades e exigências estabelecidas no Termo de Referência.",J
143,16/03/2023,edital,153079,UNIVERSIDADE FEDERAL DO PARANA,Pregão,302023,Pregão Eletrônico -  Aquisição de equipamentos de laboratório para atender às necessidades do Laboratório de Reprodução Animal do Hospital Veterinário do Setor Palotina da Universidade Federal do Paraná,O
144,16/03/2023,edital,170177,SUP.REGIONAL RECEITA FEDERAL 10A.RF/RS,Pregão,72023,"Pregão Eletrônico -  Contratação de pessoa jurídica para a prestação de serviços continuados de locação de uma Central Privada de Comutação Telefônica com Controle por Programa de Armazenamento Temporal (CPCT CPA-T), incluindo instalação, configuração, manutenção preventiva e corretiva, substituição de peças e componentes necessários ao pleno funcionamento do equipamento, para uso na Inspetoria da Receita Federal do Brasil em Bagé   IRF/BAG.",B
145,16/03/2023,edital,389320,CONSELHO FEDERAL DE ENFERMAGEM-COFEN,Pregão,72023,"Pregão Eletrônico -  Contratação de empresa especializada na prestação de serviços de transporte, para atender às necessidades do 11º Seminário Institucional do Conselho Federal de Enfermagem (Cofen), a ser realizado no período de 11 a 14 de abril de 2023, na cidade de Alexânia/GO. A previsão de transporte é para aproximadamente 130 pessoas.",H
146,16/03/2023,edital,70015,TRIBUNAL REGIONAL ELEITORAL DO ESPIRITO SANTO,Pregão,132023,"Pregão Eletrônico -  Contratação de empresa para fornecimento de solução de impressão, incluindo cópia e digitalização de documentos, por meio de outsourcing.",AB
147,16/03/2023,edital,168005,INDUSTRIA DE MATERIAL BELICO DO BRASIL/FI,Pregão,132023,Pregão Eletrônico -  Material de rede e telecomunicação,B
148,16/03/2023,edital,154050,MEC-UNIVERSIDADE FEDERAL/SE,Pregão,222023,Pregão Eletrônico -  Aquisição de MATERIAL ELÉTRICO/ELETRÔNICO PARA ATENDER A DEMANDA DO CCET/UFS.,B
149,16/03/2023,edital,168005,INDUSTRIA DE MATERIAL BELICO DO BRASIL/FI,Pregão,162023,"Pregão Eletrônico -  Chaves de alavanca bipolar para equipamentos elétricos, pode ser aplicada em bombas d?água, serras elétricas, furadeiras de bancada e equipamentos elétricos em geral. Deve ter qualidade igual ou superior a CS-301 bipolar da MarGirius (Referência: CS-301 MP/SS). Características técnicas:                       Funções principais: LIGA/DESLIGA;Acionamento: alavanca;Polos: 2 (bipolar);Capacidade elétric",BO
150,16/03/2023,edital,926235,CONSELHO REGIONAL DE ENFERMAGEM DO AMAZONAS,Pregão,52023,"Pregão Eletrônico -  Registro de preços para aquisição de mídias criptografadas, além da emissão de certificados digitais e-CPF e e-CNPJ A1  e e-CNPJ A3, para autenticação pessoal e de uso pelos titulares do corpo gerencial do Conselho Regional de Enfermagem   do Amazonas.",B
151,16/03/2023,edital,158516,INSTITUTO FEDERAL DE EDUC.CIENC.E TEC.DE SC,Pregão,231092022,Pregão Eletrônico -  Concessão Administrativa de Espaço Público Edificado para Alocação e Instalação de Cantina no Câmpus São Carlos do  IFSC.,CG
152,16/03/2023,edital,150182,PRÓ-REITORIA DE ADMINISTRAÇÃO,Pregão,192023,"Pregão Eletrônico -  O objeto da presente licitação é Permissão de Uso de espaço físico em caráter precário para exploração comercial de lanchonete junto ao Espaço Convivência do campus Gragoatá da UFF, conforme condições, quantidades e exigências estabelecidas neste Edital e seus anexos.",CG
153,16/03/2023,edital,160030,1 COMPANHIA DE INFANTARIA,Pregão,22023,Pregão Eletrônico -  Cessão de uso para exploração de atividade de apoio: bar e restaurante da Vila Militar de Paulo Afonso-BA,CG
154,16/03/2023,edital,926829,CONSELHO REG.DE MEDICINA DO ESTADO DE GOIÁS,Pregão,32023,"Pregão Eletrônico -  Contratação de empresa especializada nos serviços de coleta, transporte e destinação final de resíduos extraordinários sólidos de acordo com o Decreto Municipal Nº 728/16 que regulamenta a Lei Municipal Nº 9.498 de 19 de novembro de 2014, conforme especificações e quantidades contidas no Termo de Referências-ANEXO I, parte integrante deste Edital.",CG
155,16/03/2023,edital,153015,CENTRO FEDERAL DE EDUCACAO TECNOLOGICA - MG,Pregão,112023,"Pregão Eletrônico -  Escolha da proposta mais vantajosa para a Cessão onerosa de uso de espaço físico situado no Campus Curvelo do CEFET-MG, na cidade de Curvelo/MG, destinado à exploração comercial de lanchonete/cantina, conforme condições, quantidades e exigências estabelecidas neste instrumento e seus anexos",CG
156,16/03/2023,edital,389147,CONSELHO REGIONAL DE ADMINISTRACAO DO PR,Pregão,12023,"Pregão Eletrônico -  Contratação de empresa para prestação de serviços de cotação, reserva, emissão, marcação, remarcação,  cancelamento de passagem, alteração, reembolso e repasse de passagens, endosso e fornecimento de bilhetes de  passagens terrestres e aéreas, nacionais e internacionais",H
